xvar,xlbl,total_n,total_p,pyears,events,rate
total,total,395410,100,46410,100,2.1
vacc_autm22_name,MD,395410,100,46410,100,2.1
dose_cat,day14,395410,31,14600,20,1.4
dose_cat,day28,363020,28.5,12860,30,2.5
dose_cat,day42,298970,23.4,9910,20,2
dose_cat,day56,217620,17.1,9040,20,2.7
hosp_other_cat,no,393420,95.7,45020,70,1.6
hosp_other_cat,yes,17850,4.3,1390,30,18
sex,female,222480,56.3,26540,50,1.9
sex,male,172930,43.7,19870,50,2.3
age_3cat,18_49,46540,11.8,4810,NA,NA
age_3cat,50_64,114440,28.9,11420,NA,NA
age_3cat,65plus,234440,59.3,30180,90,2.9
ethn_cat,White,383260,96.9,44980,90,2.1
ethn_cat,Asian,6220,1.6,740,NA,NA
ethn_cat,Mixed,1340,0.3,150,NA,NA
ethn_cat,Other,1100,0.3,130,NA,NA
ethn_cat,Black,990,0.2,120,0,0
ethn_cat,unknown,2500,0.6,290,0,0
bmi_cat,25.0-29.9,138120,34.9,16400,30,1.8
bmi_cat,<18.5,6690,1.7,830,NA,NA
bmi_cat,18.5-24.9,102100,25.8,12370,30,2.4
bmi_cat,30.0-34.9,92640,23.4,10690,20,1.7
bmi_cat,35.0-39.9,36940,9.3,4110,NA,NA
bmi_cat,40.0+,18930,4.8,2000,NA,NA
qc_count_cat,00,171480,43.4,19270,10,0.7
qc_count_cat,01,115360,29.2,13450,10,1
qc_count_cat,02,58120,14.7,7120,20,2.7
qc_count_cat,03,27950,7.1,3570,20,5
qc_count_cat,04,13200,3.3,1740,10,5.7
qc_count_cat,05plus,9300,2.4,1260,20,16.7
hh_n_cat,02,169070,42.8,20120,30,1.6
hh_n_cat,01,80890,20.5,10110,30,2.6
hh_n_cat,03_05,123870,31.3,13300,10,1.1
hh_n_cat,06_10,10630,2.7,1190,NA,NA
hh_n_cat,11plus,10940,2.8,1690,20,13
wimd2019,5_least,100560,25.4,12000,20,1.8
wimd2019,1_most,65420,16.5,7700,20,2.2
wimd2019,2,76610,19.4,8880,20,2.6
wimd2019,3,74230,18.8,8570,20,1.9
wimd2019,4,78580,19.9,9260,20,1.9
urban_rural,urban,282450,71.4,33250,70,2.2
urban_rural,rural,112960,28.6,13160,20,1.7
health_board,Aneurin Bevan University Health Board,65910,16.7,7930,20,2.6
health_board,Betsi Cadwaladr University Health Board,74010,18.7,8690,10,1.6
health_board,Cardiff and Vale University Health Board,75000,19,9150,20,1.6
health_board,Cwm Taf Morgannwg University Health Board,70440,17.8,8750,20,2.7
health_board,Hywel Dda University Health Board,42140,10.7,4810,NA,NA
health_board,Powys Teaching Health Board,9540,2.4,1050,NA,NA
health_board,Swansea Bay University Health Board,58370,14.8,6040,10,2.2
