xvar,xlbl,total_n,total_p,pyears,events,rate
total,total,282890,100,18010,20,1.3
vacc_autm22_name,PB,282890,100,18010,20,1.3
dose_cat,day14,282890,45.5,9260,NA,NA
dose_cat,day28,199540,32.1,6010,10,1.7
dose_cat,day42,114290,18.4,2520,NA,NA
dose_cat,day56,24410,3.9,230,NA,NA
hosp_other_cat,no,281910,97.8,17710,20,1.2
hosp_other_cat,yes,6480,2.2,300,NA,NA
sex,female,148110,52.4,9590,10,1
sex,male,134780,47.6,8420,10,1.5
age_3cat,18_49,28930,10.2,1630,NA,NA
age_3cat,50_64,100590,35.6,5290,NA,NA
age_3cat,65plus,153370,54.2,11100,20,1.7
ethn_cat,White,273480,96.7,17410,20,1.3
ethn_cat,Asian,4640,1.6,310,0,0
ethn_cat,Mixed,1080,0.4,70,0,0
ethn_cat,Other,1010,0.4,60,0,0
ethn_cat,Black,730,0.3,50,0,0
ethn_cat,unknown,1950,0.7,110,NA,NA
bmi_cat,25.0-29.9,98220,34.7,6320,NA,NA
bmi_cat,<18.5,4170,1.5,270,0,0
bmi_cat,18.5-24.9,69850,24.7,4550,NA,NA
bmi_cat,30.0-34.9,67470,23.9,4260,NA,NA
bmi_cat,35.0-39.9,27460,9.7,1690,NA,NA
bmi_cat,40.0+,15730,5.6,920,NA,NA
qc_count_cat,00,131880,46.6,8220,NA,NA
qc_count_cat,01,84860,30,5380,NA,NA
qc_count_cat,02,39200,13.9,2570,NA,NA
qc_count_cat,03,16310,5.8,1110,NA,NA
qc_count_cat,04,6710,2.4,460,NA,NA
qc_count_cat,05plus,3920,1.4,280,NA,NA
hh_n_cat,02,121820,43.1,8060,NA,NA
hh_n_cat,01,52680,18.6,3480,NA,NA
hh_n_cat,03_05,97300,34.4,5770,NA,NA
hh_n_cat,06_10,8480,3,520,0,0
hh_n_cat,11plus,2610,0.9,180,NA,NA
wimd2019,5_least,76940,27.2,5100,NA,NA
wimd2019,1_most,36300,12.8,2220,NA,NA
wimd2019,2,48830,17.3,3020,NA,NA
wimd2019,3,55600,19.7,3410,NA,NA
wimd2019,4,65220,23.1,4260,NA,NA
urban_rural,urban,186290,65.9,12230,20,1.4
urban_rural,rural,96600,34.1,5780,NA,NA
health_board,Aneurin Bevan University Health Board,47840,16.9,3470,NA,NA
health_board,Betsi Cadwaladr University Health Board,71360,25.2,4480,NA,NA
health_board,Cardiff and Vale University Health Board,48020,17,3380,NA,NA
health_board,Cwm Taf Morgannwg University Health Board,43060,15.2,2340,NA,NA
health_board,Hywel Dda University Health Board,35850,12.7,1880,NA,NA
health_board,Powys Teaching Health Board,4750,1.7,250,NA,NA
health_board,Swansea Bay University Health Board,32010,11.3,2220,NA,NA
