xvar,xlbl,total_n,total_p,pyears,events,rate
total,total,678290,100,64420,120,1.8
vacc_autm22_name,MD,395410,58.3,46410,100,2.1
vacc_autm22_name,PB,282890,41.7,18010,20,1.3
dose_cat,day14,678290,35.8,23850,30,1.2
dose_cat,day28,562560,29.7,18870,40,2.2
dose_cat,day42,413260,21.8,12430,20,1.9
dose_cat,day56,242040,12.8,9280,30,2.7
hosp_other_cat,no,675320,96.5,62730,90,1.5
hosp_other_cat,yes,24330,3.5,1690,30,15.4
sex,female,370590,54.6,36130,60,1.7
sex,male,307710,45.4,28290,60,2
age_3cat,18_49,75460,11.1,6440,NA,NA
age_3cat,50_64,215030,31.7,16700,NA,NA
age_3cat,65plus,387810,57.2,41270,110,2.6
ethn_cat,White,656740,96.8,62390,120,1.8
ethn_cat,Asian,10860,1.6,1050,NA,NA
ethn_cat,Mixed,2420,0.4,220,NA,NA
ethn_cat,Other,2110,0.3,190,NA,NA
ethn_cat,Black,1720,0.3,170,0,0
ethn_cat,unknown,4440,0.7,400,NA,NA
bmi_cat,25.0-29.9,236330,34.8,22730,30,1.5
bmi_cat,<18.5,10850,1.6,1110,NA,NA
bmi_cat,18.5-24.9,171940,25.3,16910,40,2.3
bmi_cat,30.0-34.9,160110,23.6,14950,30,1.7
bmi_cat,35.0-39.9,64390,9.5,5800,10,1.9
bmi_cat,40.0+,34660,5.1,2920,NA,NA
qc_count_cat,00,303370,44.7,27490,20,0.6
qc_count_cat,01,200230,29.5,18830,20,1.1
qc_count_cat,02,97320,14.3,9690,20,2.4
qc_count_cat,03,44250,6.5,4670,20,4.7
qc_count_cat,04,19920,2.9,2200,10,6.4
qc_count_cat,05plus,13210,1.9,1530,20,14.4
hh_n_cat,02,290890,42.9,28180,40,1.5
hh_n_cat,01,133570,19.7,13590,30,2.4
hh_n_cat,03_05,221170,32.6,19080,20,1
hh_n_cat,06_10,19110,2.8,1700,NA,NA
hh_n_cat,11plus,13550,2,1870,20,12.8
wimd2019,5_least,177500,26.2,17110,30,1.6
wimd2019,1_most,101720,15,9920,20,1.9
wimd2019,2,125440,18.5,11900,30,2.2
wimd2019,3,129830,19.1,11970,20,1.8
wimd2019,4,143800,21.2,13520,30,1.8
urban_rural,urban,468740,69.1,45480,90,2
urban_rural,rural,209550,30.9,18940,30,1.5
health_board,Aneurin Bevan University Health Board,113740,16.8,11390,30,2.3
health_board,Betsi Cadwaladr University Health Board,145370,21.4,13170,20,1.4
health_board,Cardiff and Vale University Health Board,123020,18.1,12520,20,1.5
health_board,Cwm Taf Morgannwg University Health Board,113500,16.7,11090,30,2.3
health_board,Hywel Dda University Health Board,77990,11.5,6690,NA,NA
health_board,Powys Teaching Health Board,14300,2.1,1300,NA,NA
health_board,Swansea Bay University Health Board,90370,13.3,8260,20,2.1
